image_path;A5
/home/if24/mount/risetbatik/Batik Project/Dataset/GAN_nitik_couple/Patch/1 Sekar Kemuning A.jpg;"The batik motif in the image is named ""Sekar Kemuning."" It features a central sunflower-like flower with a circular center and radiating petals, surrounded by intricate patterns of small, white, flower-like shapes against a dark blue background. The motif symbolizes the balance between thought, ability, and facility in creating development in society, reflecting the cultural significance of the Kemuning tree and its flowers in Javanese society. The Kemuning tree and its flowers hold special meaning, representing concentration, balance, and the use of natural resources for societal development."
/home/if24/mount/risetbatik/Batik Project/Dataset/GAN_nitik_couple/Patch/1 Sekar Kemuning B.jpg;"The batik motif in the image is named ""Sekar Kemuning."" It features a central flower or cluster of flowers made up of interconnected lines and dots, surrounded by smaller floral elements and geometric shapes. The motif symbolizes a balance between thoughts, abilities, and facilities in creating development in society. The dark blue background and light beige elements create a visually striking contrast, emphasizing the intricate details of the design. The use of Kemuning trees and their flowers in Javanese culture adds a layer of cultural significance, representing concentration, balance, and the importance of natural elements in daily life."
/home/if24/mount/risetbatik/Batik Project/Dataset/GAN_nitik_couple/Patch/10 Sekar Ketongkeng A.jpg;"Create an image of a traditional batik cloth featuring the motif 'Sekar Ketongkeng'. The motif is inspired by the orchid Scorpions orhide, with flowers resembling scorpions. The central motif is a diamond-shaped pattern surrounded by curved lines and dots, creating a symmetrical and balanced design. The background is dark blue, with light beige geometric shapes and floral patterns, and gold accents and border. Incorporate cultural batik descriptions to enhance the visual appeal and cultural significance."""
/home/if24/mount/risetbatik/Batik Project/Dataset/GAN_nitik_couple/Patch/10 Sekar Ketongkeng B.jpg;"Create an image of a traditional batik cloth featuring the motif 'Sekar Ketongkeng.' The motif is inspired by the orchid Scorpions orhide, with flowers resembling scorpions. The design includes a central diamond-shaped pattern surrounded by curved lines and dots. The background is dark blue, with light beige geometric shapes and floral patterns. Gold accents highlight the central diamond and curved lines. The overall aesthetic is intricate and culturally significant, reflecting the beauty and complexity of traditional batik art."""
/home/if24/mount/risetbatik/Batik Project/Dataset/GAN_nitik_couple/Patch/11 Brendhi A.jpg;"Create an image of a batik cloth with a dark blue background featuring intricate patterns. The central motif should consist of a cross-like shape surrounded by diamond-shaped patterns, circular motifs, and stylized flowers. The colors used should include shades of brown, beige, and white. Incorporate cultural batik descriptions, such as the origin of the name 'Brendi' and its association with whiskey-line drinks during the Dutch East Indies era. Ensure the design is symmetrical and repetitive, with each element carefully arranged to form a cohesive pattern."""
/home/if24/mount/risetbatik/Batik Project/Dataset/GAN_nitik_couple/Patch/11 Brendhi B.jpg;"Create an image of a traditional batik cloth with the motif named 'Brendi'. The motif features a central floral arrangement with a cross-like center, surrounded by smaller flowers and geometric shapes. The background is dark blue, and the motifs are outlined in gold with the inner parts filled with light beige or tan colors. Incorporate cultural descriptions of the batik, including its origin as a drink during the Dutch East Indies era and its association with vitality and stamina. Ensure the image captures the intricate details and vibrant colors of the motif."""
/home/if24/mount/risetbatik/Batik Project/Dataset/GAN_nitik_couple/Patch/12 Cakar Ayam A.jpg;"Create an image of a traditional batik cloth featuring the 'Cakar Ayam' motif. The design should consist of triangular and dot patterns arranged in a symmetrical fashion, with a dark blue or black background and light beige or tan motifs. The motif symbolizes the spirit of facing tomorrow to seek fortune, similar to a chicken searching for food in the morning. Incorporate cultural descriptions of the motif, such as its use in wedding rituals and during the birth of a child, to provide context and depth to the image."""
/home/if24/mount/risetbatik/Batik Project/Dataset/GAN_nitik_couple/Patch/12 Cakar Ayam B.jpg;"Create an image of a batik fabric featuring the motif 'Cakar Ayam'. The motif consists of interconnected geometric shapes, including crosses and dots, arranged in a repetitive pattern. The background is dark blue, and the main pattern is light beige. Incorporate cultural descriptions of the motif, such as its symbolism of facing tomorrow to seek fortune and its use in wedding rituals and for holding babies. Ensure the image captures the intricate details and vibrant colors of the batik fabric."""
/home/if24/mount/risetbatik/Batik Project/Dataset/GAN_nitik_couple/Patch/13 Sekar Menur A.jpg;"Create an image of a batik cloth with the motif 'Sekar Menur'. The motif should feature a dark blue background with light beige geometric shapes and floral elements. The geometric shapes include squares, rectangles, and floral designs, arranged in a grid-like pattern. The white color of the motifs symbolizes purity and the idea of doing good things without expecting anything in return. Incorporate the cultural description of the batik, which states that Menur (Clerodendrum chinense) flowers are pure white and overlap each other, representing piled-up purity. Ensure the image captures the essence of the batik's cultural significance and aesthetic appeal."""
/home/if24/mount/risetbatik/Batik Project/Dataset/GAN_nitik_couple/Patch/13 Sekar Menur B.jpg;"Create an image of a batik cloth featuring the motif 'Sekar Menur'. The motif should consist of stylized flowers with overlapping petals, arranged in a symmetrical pattern against a dark blue background. The flowers should be depicted in light beige or tan colors, creating a striking contrast with the dark blue. Incorporate the cultural description of the batik, which states that Menur (Clerodendrum chinense) flowers are pure white and symbolize piled up purity, encouraging doing good things without expecting anything in return."""
/home/if24/mount/risetbatik/Batik Project/Dataset/GAN_nitik_couple/Patch/14 Sekar Tebu A.jpg;"Create an image of a batik fabric with the motif 'Sekar Tebu'. The motif features a symmetrical geometric pattern with light beige shapes on a dark blue background. The shapes include squares, rectangles, and circles, arranged in a balanced and harmonious design. Small circular dots with a dotted outline in the center add a touch of complexity to the overall pattern. The motif is inspired by sugarcane flowers in Javanese culture, which are called gleges. Gleges in Javanese means prolonged laughter, either because it is fun or because it is funny. The meaning of this motif is advice for someone not to judge or to do things excessively. Thus, you should be careful and full of calculations so as not to fall into unwanted conditions."""
/home/if24/mount/risetbatik/Batik Project/Dataset/GAN_nitik_couple/Patch/14 Sekar Tebu B.jpg;"Create an image of a batik cloth featuring the motif 'Sekar Tebu'. The motif is inspired by sugarcane flowers, which are called 'gleges' in Javanese culture. Gleges symbolize prolonged laughter, often associated with joy or humor. The motif advises caution and careful consideration, suggesting that one should be mindful of their actions to avoid unintended consequences. The design includes light beige geometric shapes arranged in a symmetrical pattern against a dark blue background, with small circular patterns with dots in the center adding depth and detail. The overall aesthetic is elegant and culturally rich, reflecting the traditional art form of batik."""
/home/if24/mount/risetbatik/Batik Project/Dataset/GAN_nitik_couple/Patch/15 Sekar Manggis A.jpg;"Create an image of a batik cloth featuring a traditional motif inspired by the mangosteen flower. The motif should be centered around a stylized representation of the mangosteen flower, which includes two orange leaves and a white square in the center. The background should be dark blue, and the pattern should consist of white dots forming a diamond shape around the central motif. Incorporate cultural elements such as the meaning of the mangosteen as the queen of fruits and its taste, which is refreshing and balanced between sweet and sour flavors. The motif should also represent a hope that the wearer will become the best human being physically and mentally for the community. Ensure the image captures the essence of the batik art form, including the use of traditional patterns and colors."""
/home/if24/mount/risetbatik/Batik Project/Dataset/GAN_nitik_couple/Patch/15 Sekar Manggis B.jpg;"Create an image of a batik cloth featuring the motif 'Sekar Manggis'. The motif is inspired by the shape of the mangosteen (Garcinia mangostana) flower, symbolizing the fruit's refreshing and balanced taste. The design includes interconnected geometric shapes and dots, forming a lattice-like pattern. The motif represents a hope that the wearer will become the best human being physically and mentally for the community. The colors used are dark blue for the background and light beige for the geometric shapes and dots. The overall design is intricate and visually striking."""
/home/if24/mount/risetbatik/Batik Project/Dataset/GAN_nitik_couple/Patch/16 Sekar Randhu A.jpg;"Create an image of a batik cloth featuring the motif 'Sekar Randu'. The motif should depict a central star-like design with radiating lines, surrounded by smaller floral elements and light beige or cream-colored lines. The background should be dark blue, and there should be small white dots scattered throughout the design. Incorporate the cultural description of Sekar Randu, which includes the plant Ceiba pentandra, its fibers kapuk, and its use as a filling material for mattresses. Additionally, highlight the meaning of the motif, which emphasizes giving enjoyment to others and maintaining a good name to uphold honor."""
/home/if24/mount/risetbatik/Batik Project/Dataset/GAN_nitik_couple/Patch/16 Sekar Randhu B.jpg;"Create an image of a batik cloth featuring the motif 'Sekar Randu'. The motif should depict a central star-like design with radiating lines, surrounded by smaller floral elements and light beige or cream-colored lines. The background should be dark blue, and there should be small white dots scattered throughout the design. Incorporate the cultural description of Sekar Randu, which includes the plant Ceiba pentandra (randu) and its properties as well as the symbolic meaning of the motif. Ensure the image captures the essence of the motif's beauty and cultural significance."""
/home/if24/mount/risetbatik/Batik Project/Dataset/GAN_nitik_couple/Patch/17 Worawari Rumpuk A.jpg;"Create an image of a batik cloth featuring a detailed pattern of a stacked (double/multiple) hibiscus flower, known as 'Wora-wari rumpuk' in Indonesian. The background should be dark blue, and the hibiscus flowers should be depicted in light beige or cream color with small orange centers. Surrounding the flowers are small circular patterns, possibly representing seeds or additional floral elements. The image should capture the intricate details of the stacked hibiscus flowers and the contrasting colors against the dark blue background. Incorporate cultural batik descriptions, such as the symbolism of the red and white colors of the hibiscus flowers, which represent love, passion, and spirit respectively. Ensure the image is visually appealing and captures the essence of the batik motif."""
/home/if24/mount/risetbatik/Batik Project/Dataset/GAN_nitik_couple/Patch/17 Worawari Rumpuk B.jpg;"Create an image of a batik cloth featuring a detailed pattern of a stacked (double/multiple) hibiscus flower, known as 'Wora-wari rumpuk' in Indonesian. The background should be dark blue, and the hibiscus flowers should be depicted in light beige or cream color with orange centers. Surrounding the flowers are small circular patterns, possibly representing seeds or additional floral elements. The motif should convey a sense of symmetry and layered beauty, reminiscent of traditional Indonesian batik designs. Incorporate cultural descriptions of the hibiscus flower, including its symbolism in Javanese society, such as the red color symbolizing love, passion, and spirit, and the various colors like white, yellow, pink, and purple. Ensure the image captures the intricate details and cultural significance of the batik motif."""
/home/if24/mount/risetbatik/Batik Project/Dataset/GAN_nitik_couple/Patch/18 Sekar Dhuku A.jpg;"Create an image of a batik cloth named 'Sekar Duku'. The motif should feature a large, stylized duku flower or plant at the center, surrounded by smaller geometric shapes and dots. The background should be dark blue, and the motifs should be in light beige and brown. Incorporate the cultural description that the duku flower shape was inspired by the many duku trees planted in the area where people lived, and the duku flower is seen from above. Ensure the image captures the essence of the batik's intricate design and cultural significance."""
/home/if24/mount/risetbatik/Batik Project/Dataset/GAN_nitik_couple/Patch/18 Sekar Dhuku B.jpg;"The batik motif featured in this image is called ""Sekar Duku."" It is inspired by the shape of the duku flower, which was commonly planted in the area where people lived. The duku flower is seen from above, and its shape is used as an idea to create a batik motif. The motif consists of a network-like pattern formed by interconnected dots, with some dots connected by lines creating a web-like appearance. Surrounding the central pattern are decorative elements, including floral designs and geometric shapes in lighter beige tones. This batik design not only showcases the beauty of nature but also reflects the cultural significance of the duku flower in the region."
/home/if24/mount/risetbatik/Batik Project/Dataset/GAN_nitik_couple/Patch/19 Sekar Jagung A.jpg;"Create an image of a batik cloth featuring the motif 'Sekar Jagung'. The motif consists of a central diamond shape surrounded by intersecting lines and dots, creating a symmetrical and geometric design. The background is dark blue, and the pattern includes small white and orange elements, such as stars and circular shapes. Incorporate the cultural description of the batik, which states that in Javanese culture, corn flowers are called sinuwun and symbolize respect for older individuals. The motif is a message that humans must respect their fellow human beings, especially those who are older."""
/home/if24/mount/risetbatik/Batik Project/Dataset/GAN_nitik_couple/Patch/19 Sekar Jagung B.jpg;"Create an image of a batik cloth featuring the motif 'Sekar Jagung'. The motif consists of a central diamond shape surrounded by intricate lines and dots, with white and orange shapes including crosses and circles. The background is dark blue, and the design elements create a sense of depth and complexity. Incorporate the cultural description that corn (Zea mays) flowers are called sinuwun in Javanese culture, symbolizing respect and reverence for older individuals."""
/home/if24/mount/risetbatik/Batik Project/Dataset/GAN_nitik_couple/Patch/2 Sekar Liring A.jpg;"Create an image of a traditional batik cloth featuring the Ceplok Liring motif. The design should consist of star-like shapes with multiple points, surrounded by smaller, symmetrical patterns, arranged in a grid-like formation. The background should be dark, possibly navy blue, while the shapes and lines are in a lighter color, likely beige or light brown. Incorporate the cultural description of Ceplok Liring, which refers to the placement of motifs irregularly on a field and conveys a normative meaning for humans, emphasizing the importance of being mindful of small details and respecting others' perspectives. Ensure the image captures the intricate details and the cultural significance of the motif."""
/home/if24/mount/risetbatik/Batik Project/Dataset/GAN_nitik_couple/Patch/2 Sekar Liring B.jpg;"Create an image of a traditional batik cloth featuring the Ceplok Liring motif. The design should consist of star-like shapes arranged in a grid-like formation, with each shape surrounded by smaller, symmetrical patterns. The background should be dark, possibly navy blue, while the shapes and lines are in a lighter color, likely beige or light brown. Incorporate the cultural description of Ceplok Liring, which refers to the placement of motifs irregularly on a field and conveys a normative meaning for humans, explaining not to take everything for granted, both in terms of a person's behavior, thoughts, and opinions. Because there is a possibility that things that are considered trivial have a big impact. Therefore, a caring attitude and respect for others must be set forth."""
/home/if24/mount/risetbatik/Batik Project/Dataset/GAN_nitik_couple/Patch/20 Jayakirana A.jpg;"Create an image of a batik cloth featuring the motif of Jaya Kirana (Wijanarka). The motif should consist of geometric shapes and lines arranged in a symmetrical pattern, with a dark blue background and light beige or cream patterns. The image should convey the cultural significance of Jaya Kirana, highlighting his heroic spirit, selflessness, and willingness to sacrifice for the homeland and nation. Incorporate the cultural description provided, emphasizing the importance of learning from Jaya Kirana's attitude."""
/home/if24/mount/risetbatik/Batik Project/Dataset/GAN_nitik_couple/Patch/20 Jayakirana B.jpg;"Create an image of a batik cloth featuring the Jaya Kirana (Wijanarka) motif. The background should be dark blue, and the patterns should be light beige or cream-colored. The motif should consist of geometric shapes like circles, squares, and rectangles arranged in a symmetrical pattern, with linear elements creating depth and complexity. The image should convey the cultural significance of Jaya Kirana, emphasizing his heroic spirit, selflessness, and willingness to sacrifice for the homeland and nation. Incorporate cultural batik descriptions to provide context and meaning to the design."""
/home/if24/mount/risetbatik/Batik Project/Dataset/GAN_nitik_couple/Patch/21 Mawur A.jpg;"Create an image of a batik cloth featuring the motif 'Mawur'. The motif consists of three orange leaves with white dotted edges, surrounded by small white dots arranged in a circular pattern. The background is dark blue, and the overall design has a scattered appearance, as indicated by the term 'mawur' in Javanese culture. The image should capture the intricate details and cultural significance of the batik motif, emphasizing its scattered nature and the contrast between the dark blue background and the vibrant orange leaves."""
/home/if24/mount/risetbatik/Batik Project/Dataset/GAN_nitik_couple/Patch/21 Mawur B.jpg;"Create an image of a batik cloth featuring the motif 'Mawur'. The motif should consist of a key-like shape with a detailed, ornate design at its center, surrounded by various geometric shapes and floral elements. The key should be rendered in light beige against a dark blue background, with orange floral elements adding contrast. The overall design should evoke a sense of scattered yet intricate patterns, as described by the Javanese term 'mawur'."""
/home/if24/mount/risetbatik/Batik Project/Dataset/GAN_nitik_couple/Patch/22 Sekar Tanjung A.jpg;"Create an image of a traditional Javanese batik cloth featuring the motif 'Sekar Tanjung.' The motif should consist of a central circular design with a star-like pattern, surrounded by interconnected geometric shapes including elongated rectangles and diamond shapes. The background should be dark blue, and the design elements should be light beige or cream-colored. Incorporate the cultural description of the motif, which includes the use of the word 'tanjung' in Javanese, representing a shade plant with fragrant flowers and a beautiful shape. The design aims to symbolize the hope for good deeds that benefit family and society.""
/home/if24/mount/risetbatik/Batik Project/Dataset/GAN_nitik_couple/Patch/22 Sekar Tanjung B.jpg;"Create an image of a batik cloth named 'Sekar Tanjung'. The batik features a dark blue background with light beige or cream-colored geometric and floral patterns. The design includes symmetrical arrangements of dots, lines, and abstract forms, creating a visually appealing and harmonious pattern. The motif represents the hope for good deeds and the pride of family and society, inspired by the Javanese shade plant Tanjung (Mimusops elengi). The batik should be detailed and comprehensive, incorporating cultural batik descriptions and motifs."""
/home/if24/mount/risetbatik/Batik Project/Dataset/GAN_nitik_couple/Patch/23 Sekar Keben A.jpg;"Create an image of a batik cloth featuring the motif 'Sekar Keben'. The motif should include a central diamond shape surrounded by floral patterns, with elongated, teardrop-like shapes on either side connected by curved lines. The background should be dark blue, and the floral patterns should be light beige. Incorporate cultural descriptions of the keben tree and its significance in Yogyakarta, including the regol keben gate and the symbolism of the keben flowers. Ensure the image captures the essence of peace, beauty, and harmony represented by the motif."""
/home/if24/mount/risetbatik/Batik Project/Dataset/GAN_nitik_couple/Patch/23 Sekar Keben B.jpg;The sekar keben batik motif is a traditional Indonesian batik design that represents the Yogyakarta Palace's regal gate, known as regol keben. The motif features a central diamond shape surrounded by smaller diamond shapes and floral motifs, symbolizing peace and beauty. The dark blue background and light beige shapes create a striking contrast, while the gold outlines add a touch of elegance. The sekar keben batik motif is a representation of the Yogyakarta Palace's cultural heritage and the importance of harmony and balance in their traditions.
/home/if24/mount/risetbatik/Batik Project/Dataset/GAN_nitik_couple/Patch/24 Sekar Srengenge A.jpg;"Create an image of a batik fabric featuring the motif 'Sekar Srengenge,' which translates to 'sunflower' in Javanese. The motif consists of small, light-colored dots arranged in various shapes and patterns, resembling sunflowers or other floral designs. The background is dark blue or black, and the dots are light beige or cream. The motif symbolizes consistency in facing life's challenges head-on, as indicated by the cultural description provided. Incorporate the cultural significance of the motif, including its representation of sunflowers and the Javanese cultural values of resilience and determination."""
/home/if24/mount/risetbatik/Batik Project/Dataset/GAN_nitik_couple/Patch/24 Sekar Srengenge B.jpg;"Create an image of a batik fabric featuring the motif 'Sekar Srengenge,' which translates to 'sunflower' in Javanese. The sunflowers are depicted in light beige or tan colors against a dark blue background. The motif symbolizes consistency and resilience in facing life's challenges, with each sunflower represented by a cluster of small dots forming the petals and a central dot for the flower's core. Incorporate the cultural significance of sunflowers as a symbol of facing life's difficulties head-on."""
/home/if24/mount/risetbatik/Batik Project/Dataset/GAN_nitik_couple/Patch/25 Sekar Soka A.jpg;"Create an image of a batik cloth featuring the motif 'Sekar Soka'. The motif should depict a blend of natural and abstract elements, symbolizing various emotions and experiences in life. The background should be dark, possibly navy blue, with lighter beige or cream-colored elements forming the main design. The pattern should include various shapes such as circles, dots, and abstract forms, creating a complex and visually striking design. Incorporate cultural batik descriptions, such as the symbolism of the plant Ixora coccinea (Soka or Asoka) and its association with the garden Arga Soka Park, where Dewi Shinta was hidden by Rahwana. The motif should represent the cyclical nature of life, where different emotions and experiences are experienced, leading to a deeper understanding and eventual return to a state of peace and enlightenment."""
/home/if24/mount/risetbatik/Batik Project/Dataset/GAN_nitik_couple/Patch/25 Sekar Soka B.jpg;"Create an image of a batik cloth featuring the motif 'Sekar Soka'. The motif should depict various geometric shapes such as circles, lines, and abstract forms arranged in a symmetrical pattern. The background should be dark blue, and the colors used in the design should include shades of beige, white, and brown. Incorporate the cultural description of the motif, which represents the concept of experiencing various emotions in life, from sorrow and happiness to sadness and joyfulness. It symbolizes the idea that these emotions must be endured patiently until they lead to a state of eternal reality, as experienced by Dewi Shinta."""
/home/if24/mount/risetbatik/Batik Project/Dataset/GAN_nitik_couple/Patch/26 Sekar Nangka A.jpg;"Create an image of a traditional Indonesian batik cloth featuring the motif 'sekar nangka' or jackfruit flower. The motif should be prominently displayed in the center of the cloth, with a dark blue background and light beige and darker beige accents. The central star-like shape should be surrounded by intricate geometric patterns and lines, including small square shapes and cross-like symbols. Incorporate cultural descriptions of the motif, such as its meaning of hopefulness and caution in judging others, and its association with the jackfruit plant. Ensure the image captures the essence of traditional batik artistry, with detailed patterns and vibrant colors."""
/home/if24/mount/risetbatik/Batik Project/Dataset/GAN_nitik_couple/Patch/26 Sekar Nangka B.jpg;"Create an image of a traditional Indonesian batik fabric featuring the motif known as 'Sekar Nangka' or 'Jackfruit Flower.' The design should include intricate geometric shapes and floral elements resembling jackfruit flowers. The background should be dark blue, while the patterns and floral elements should be light beige with orange-brown accents. Incorporate the cultural significance of the motif, which symbolizes hope and caution in judgment, highlighting the contrast between the thorny exterior and the sweet interior of the jackfruit. Ensure the image captures the essence of the batik art form and its cultural heritage."""
/home/if24/mount/risetbatik/Batik Project/Dataset/GAN_nitik_couple/Patch/27 Kawung Nitik A.jpg;"Create an image of a traditional Indonesian batik fabric featuring the Kawung motif. The Kawung motif consists of four overlapping circles, each containing small white floral patterns. The circles are outlined in a golden brown color, creating a striking contrast against the dark background. The motif is symmetrical and balanced, with intricate details that highlight the craftsmanship involved in batik making. Incorporate cultural batik descriptions, such as the interpretation of the Kawung motif as a symbol of controlling carnal desires to unite with one's God, and the idea of it being a flower in full bloom representing a good hope for an evolving future."""
/home/if24/mount/risetbatik/Batik Project/Dataset/GAN_nitik_couple/Patch/27 Kawung Nitik B.jpg;"Create an image of a traditional Indonesian batik fabric featuring the Kawung motif. The Kawung motif consists of four overlapping circles, each containing small white floral patterns. The circles are outlined in a golden brown color, creating a striking contrast against the dark blue background. The motif is symmetrical and balanced, with intricate details that highlight the craftsmanship involved in batik making. Incorporate cultural descriptions of the Kawung motif, such as its interpretation as a symbol of controlling carnal desires to unite with one's God, and its association with the Javanese people's concept of Keblat Papat Limo Pancer. Ensure the image captures the elegance and symmetry of the motif, emphasizing the traditional artistry of batik."""
/home/if24/mount/risetbatik/Batik Project/Dataset/GAN_nitik_couple/Patch/28 Sekar Kenthang A.jpg;"The batik motif is named ""Sekar Kentang,"" which translates to ""Potato Flower"" in English. The name is inspired by the shape of the potato flowers, which resemble the intricate patterns found in the motif. The central star-like shape with a cross-like design symbolizes the hope that the wearer will always provide benefits (migunani) for others, reflecting the cultural significance of the motif. The use of dark blue, beige, and gold colors adds depth and richness to the design, enhancing its visual appeal and cultural importance."
/home/if24/mount/risetbatik/Batik Project/Dataset/GAN_nitik_couple/Patch/28 Sekar Kenthang B.jpg;"The batik motif in the image is named ""Sekar Kentang,"" which translates to ""Potato Flower"" in English. The name is inspired by the shape of the potato flowers, which resemble the intricate patterns found in the motif. The central star-like shape with a cross-like design symbolizes the hope that the wearer will always provide benefits (migunani) for others. The surrounding floral patterns represent the beauty and abundance associated with the potato plant, emphasizing the wearer's desire for prosperity and well-being. The use of dark blue, beige, and gold colors adds depth and richness to the design, enhancing its visual appeal and cultural significance."
/home/if24/mount/risetbatik/Batik Project/Dataset/GAN_nitik_couple/Patch/29 Sekar Pudhak A.jpg;"Create an image of a batik cloth featuring the motif 'Sekar Pudhak,' which is a thorny pandan plant with fragrant white flowers. The motif symbolizes a hope that the wearer can maintain honor and respect their social status in society. The image should have a dark blue background with light beige or cream-colored floral patterns arranged in a symmetrical and repetitive manner. Incorporate cultural batik descriptions to enhance the visual representation."""
/home/if24/mount/risetbatik/Batik Project/Dataset/GAN_nitik_couple/Patch/29 Sekar Pudhak B.jpg;"Create an image of a batik cloth featuring the motif 'Sekar Pudhak,' which is a thorny pandan plant with fragrant white flowers. The central motif should be a cross or star-like shape surrounded by intricate floral patterns. The background should be dark blue, and the patterns should be light beige. Incorporate the cultural description that the motif symbolizes hope and honor, maintaining social status and respect in society. Ensure the image captures the detailed and elegant nature of the batik design."""
/home/if24/mount/risetbatik/Batik Project/Dataset/GAN_nitik_couple/Patch/3 Sekar Duren A.jpg;"Create an image of a batik cloth named 'Sekar Duren'. The motif should feature a star-like central figure surrounded by interconnected lines and dots, arranged in a symmetrical manner. The background should be dark blue, and the design elements should be light beige or cream-colored. Incorporate the cultural description of the batik, where the durian flower (Durio) is called dlongop in Javanese, meaning a human attitude that shows not being in an atmosphere of critical thinking. This attitude is not commendable for a creative community because it does not support the emergence of ideas and innovations."""
/home/if24/mount/risetbatik/Batik Project/Dataset/GAN_nitik_couple/Patch/3 Sekar Duren B.jpg;"Create an image of a batik cloth featuring the motif 'Sekar Duren'. The motif is characterized by a central star-like shape made up of interconnected dots, surrounded by various geometric shapes such as circles, squares, and lines. The background is dark blue, and the patterns are in light beige or cream. Incorporate the cultural description that the durian flower (Durio) is called dlongop in Javanese, meaning a human attitude that shows not being in an atmosphere of critical thinking. This warning against the dlongop attitude is important for a creative community as it does not support the emergence of ideas and innovations."""
/home/if24/mount/risetbatik/Batik Project/Dataset/GAN_nitik_couple/Patch/30 Sekar Dlima A.jpg;"Create an image of a batik cloth named 'Sekar Dlima'. The motif is inspired by the shape of the pomegranate flower (Punica granatum). The design features a central floral pattern with pomegranate flowers and leaves, surrounded by geometric patterns and intricate designs. The background is dark blue, and the colors used are dark blue, beige, and gold. The motif is ornate and detailed, typical of traditional batik art."""
/home/if24/mount/risetbatik/Batik Project/Dataset/GAN_nitik_couple/Patch/30 Sekar Dlima B.jpg;"Create an image of a batik cloth named 'Sekar Dlima'. The motif is inspired by the shape of the pomegranate flower (Punica granatum), which has been transformed into a decorative pattern. The design includes symmetrical floral motifs, such as pomegranate flowers, crescent moons, and geometric shapes. The colors used are dark blue, beige, and orange. The overall aesthetic is harmonious and visually appealing, reflecting traditional batik artistry."""
/home/if24/mount/risetbatik/Batik Project/Dataset/GAN_nitik_couple/Patch/31 Krawitan  A.jpg;"Create an image of a batik cloth featuring the Karawitan motif. The motif should be a stylized flower with six petals, each petal shaped like a leaf, set against a dark blue background. Surrounding the flower are small white dots, creating a decorative border. Incorporate the cultural description of the Karawitan motif, which is a Javanese music orchestra involving various instruments and emphasizing the importance of cooperation and community in society. The image should convey a sense of harmony and unity."""
/home/if24/mount/risetbatik/Batik Project/Dataset/GAN_nitik_couple/Patch/31 Krawitan  B.jpg;"Create an image of a batik cloth featuring the motif 'Karawitan.' The motif should consist of interconnected circles and dots, with the circles outlined in orange and filled with a lighter shade, set against a dark blue background. The dots are scattered throughout the design, adding texture and depth. Incorporate the cultural description of the Karawitan motif, which is inspired by the Karawitan flower and represents the importance of cooperation and unity within society. The motif should convey the message that everyone must work together to produce something valuable for society."""
/home/if24/mount/risetbatik/Batik Project/Dataset/GAN_nitik_couple/Patch/32 Cinde Wilis A.jpg;"Create an image of a batik fabric featuring the motif 'Cinde Wilis'. The motif should consist of repeating patterns of teardrop shapes, crosses, and diamond shapes, all outlined in white against a dark blue background. Incorporate cultural elements such as fertility and greenness, inspired by traditional Javanese batik designs. Ensure the image captures the essence of the motif's significance in Javanese culture, emphasizing the importance of nature and growth."""
/home/if24/mount/risetbatik/Batik Project/Dataset/GAN_nitik_couple/Patch/32 Cinde Wilis B.jpg;"Create an image of a batik fabric featuring the motif 'Cinde Wilis'. The motif should consist of repeating patterns of teardrop shapes, crosses, and diamond shapes, all outlined in white against a dark blue background. Incorporate cultural descriptions of the motif, emphasizing its association with fertility, greenness, and the importance of nature in Javanese culture. Ensure the image captures the intricate details and geometric symmetry typical of batik art."""
/home/if24/mount/risetbatik/Batik Project/Dataset/GAN_nitik_couple/Patch/33 Sekar Mlathi A.jpg;"Create an image of a batik cloth featuring the motif 'Sekar Mlati'. The motif should be a jasmine flower with multiple petals and a central stem, outlined in light beige or cream color against a dark blue background. Small white dots representing the stamens and pistils should be included around the flower. The motif should convey a sense of purity and fragility, symbolizing the wearer's hope for creating a pleasant and healthy atmosphere for many people. Incorporate cultural batik descriptions to enhance the visual appeal and cultural significance."""
/home/if24/mount/risetbatik/Batik Project/Dataset/GAN_nitik_couple/Patch/33 Sekar Mlathi B.jpg;"Create an image of a batik cloth featuring a stylized jasmine flower motif. The background should be dark blue, and the motif should consist of light beige geometric shapes and dots. The central part of the motif should form a circular pattern, resembling a stylized jasmine flower. Incorporate the cultural significance of the batik motif, which represents purity and fragility, and the idea behind the design, inspired by the jasmine flower's beauty and scent. Ensure the image captures the delicate and intricate nature of the batik design."""
/home/if24/mount/risetbatik/Batik Project/Dataset/GAN_nitik_couple/Patch/34 Kuncup Kanthil A.jpg;"Create an image of a traditional Javanese batik cloth named 'Kuncup Kanthil'. The motif features a central square with a diamond pattern surrounded by various geometric shapes and floral motifs. The background is dark blue, and the geometric shapes and floral motifs are light beige. The design symbolizes a hope for continued memory and emulation of good things. Incorporate the cultural significance of the motif, where Kanthil (Magnolia alba) is a fragrant flower symbolizing staying kemanthil, meaning being continued to be remembered."""
/home/if24/mount/risetbatik/Batik Project/Dataset/GAN_nitik_couple/Patch/34 Kuncup Kanthil B.jpg;"Create an image of a batik cloth featuring the motif 'Kuncup Kanthil'. The motif should depict a stylized tree or plant with a square base, surrounded by delicate flowers and leaves. The background should be dark blue, and the central square structure should be gold. Incorporate the cultural significance of the motif, where Kanthil (Magnolia alba) is a fragrant flower symbolizing being remembered and continued to be remembered in Javanese society. The design should be intricate and symmetrical, with a harmonious blend of dark blue, light beige, and gold colors."""
/home/if24/mount/risetbatik/Batik Project/Dataset/GAN_nitik_couple/Patch/35 Sekar Dangan A.jpg;"Create an image of a traditional Javanese batik cloth named 'Sekar Dangan.' The motif should feature a dark blue background with lighter blue and beige patterns. The central element of the motif is a square with a stylized floral design, surrounded by various geometric shapes and floral patterns. The overall theme of the motif symbolizes healing and hope for a better future. Incorporate cultural batik descriptions to provide context and depth to the image."""
/home/if24/mount/risetbatik/Batik Project/Dataset/GAN_nitik_couple/Patch/35 Sekar Dangan B.jpg;"The batik motif ""Sekar Dangan"" is a traditional Javanese design known as ""Dangan."" It is characterized by its intricate patterns and geometric shapes, often incorporating circles, lines, and abstract forms. The motif is believed to symbolize hope for healing or a better future, reflecting the cultural belief in the power of art to bring about positive change. The use of dark blue and light beige colors enhances the visual appeal and adds depth to the design. This batik is not only a beautiful piece of textile art but also holds significant cultural and spiritual importance in Javanese culture."
/home/if24/mount/risetbatik/Batik Project/Dataset/GAN_nitik_couple/Patch/36 Sekar Sawo A.jpg;"Create an image of a batik cloth featuring the motif 'Sekar Sawo'. The motif is a circular design with a central floral element, surrounded by interconnected geometric shapes. The central floral design is outlined in light brown against a dark blue background. The motif is inspired by the sawo fruit plant and its flower, symbolizing respect and care for others in society. Incorporate cultural descriptions of the motif, emphasizing the importance of mindfulness and responsibility in daily life."""
/home/if24/mount/risetbatik/Batik Project/Dataset/GAN_nitik_couple/Patch/36 Sekar Sawo B.jpg;"Create an image of a batik cloth featuring the motif 'Sekar Sawo'. The motif is a circular design with a central floral element, surrounded by interconnected lines. The floral element is stylized and simplified, with petals and leaves depicted in light brown. The background is dark blue, and the motif is accented with small white dots representing stars or dots, adding a celestial touch to the design. Incorporate the cultural description of the motif, which serves as a reminder that people should not live their lives arbitrarily but must also consider others, especially those who may be older or smarter, and to pay attention to their own well-being in society."""
/home/if24/mount/risetbatik/Batik Project/Dataset/GAN_nitik_couple/Patch/37 Manggar A.jpg;"Create an image of a batik fabric featuring the motif 'Manggar,' which represents the petals of coconut flowers (Cocos nucifera). The motif consists of elongated series of petals, small rounded shapes resembling petals, and larger, more defined shapes that resemble the elongated series of petals. The background should be dark blue, and the motifs should be in a light beige or tan color. The motif symbolizes mutual loyalty in life, making it a culturally significant design. Incorporate the cultural description of the motif, emphasizing its symbolism and the traditional use of batik in Southeast Asian cultures."""
/home/if24/mount/risetbatik/Batik Project/Dataset/GAN_nitik_couple/Patch/37 Manggar B.jpg;"Create an image of a batik fabric with the following details: - **Motif Name:** Manggar - **Description of Motif:** The Manggar motif consists of orange square shapes with rounded corners, resembling pumpkins or squares with handles, set against a dark background. The pattern includes small white dots and lines forming a floral or tree-like design around the orange shapes. - **Cultural Description:** Manggar is the petals of coconut flowers (Cocos nucifera) that form an elongated series. This flower symbolizes mutual loyalty in life."""
/home/if24/mount/risetbatik/Batik Project/Dataset/GAN_nitik_couple/Patch/38 Sekar Cengkeh A.jpg;"Create an image of a batik cloth named 'Sekar Cengkeh'. The motif should feature clove flowers (Syzygium aromaticum), also known as polong in Javanese culture. These flowers symbolize relief and satisfaction, encouraging individuals to accept what is given by God. The design should include symmetrical floral patterns, geometric shapes resembling bows or knots, small dots and circles, and birds or animal-like figures with beaks and tails. The background should be dark, possibly navy blue, with lighter brown and white elements. Incorporate the cultural description of polong as 'relieved/satisfied' and its significance in Javanese culture. Ensure the image captures the essence of the batik motif, including its intricate details and harmonious color palette."""
/home/if24/mount/risetbatik/Batik Project/Dataset/GAN_nitik_couple/Patch/38 Sekar Cengkeh B.jpg;"Create an image of a batik cloth named 'Sekar Cengkeh'. The motif should feature a combination of floral and geometric patterns, with dark blue as the background color. Include small dots and dots arranged in a specific pattern throughout the design. Use orange, white, and beige colors to create a striking contrast and add elegance to the piece. Incorporate the cultural description of the batik, which states that clove flowers (Syzygium aromaticum) in Javanese are called polong, and polong means relieved/satisfied. Be a human being who must accept what is given by God."""
/home/if24/mount/risetbatik/Batik Project/Dataset/GAN_nitik_couple/Patch/39 Sritaman A.jpg;"Create an image of a piece of batik fabric featuring the motif 'Sritaman'. The motif is a stylized flower with a central stem, surrounded by smaller floral patterns and dots. The background is dark blue, and the flowers and leaves are depicted in a golden color. Incorporate the cultural description of 'Sritaman' which means a garden located in the palaces of kings, symbolizing a hope that the wearer will always be wise in all aspects of life. Ensure the image captures the elegance and wisdom conveyed by the motif."""
/home/if24/mount/risetbatik/Batik Project/Dataset/GAN_nitik_couple/Patch/39 Sritaman B.jpg;"Create an image of a piece of batik fabric featuring the motif 'Sritaman'. The motif should depict a large, stylized flower with multiple petals and a central stem, surrounded by smaller floral patterns and white dots. The background should be dark blue, and the flowers and leaves should be in a golden color. Incorporate the cultural description of 'Sritaman' which means a garden located in the palaces of kings, symbolizing a hope that the wearer will always be wise in all aspects of life. Ensure the image captures the elegance and wisdom conveyed by the motif."""
/home/if24/mount/risetbatik/Batik Project/Dataset/GAN_nitik_couple/Patch/4 Sekar Gayam A.jpg;"Create an image of a traditional Indonesian batik cloth featuring the ""Sekar Gayam"" motif. The design should include a central floral center with a black dot in the middle, surrounded by white dots and small star-like shapes. The background should be dark blue, and the floral center should be orange. The motif should convey a sense of shade and calmness, symbolizing the serene and peaceful atmosphere created by the Gayam tree. Incorporate cultural elements such as the meaning of 'gayuh' (achieving goals) and 'ayem' (serene and peaceful), and the symbolism of the Gayam tree growing in Yogyakarta during the Islamic Mataram kingdom. Ensure the image is detailed and comprehensive, capturing the essence of the ""Sekar Gayam"" batik motif."""
/home/if24/mount/risetbatik/Batik Project/Dataset/GAN_nitik_couple/Patch/4 Sekar Gayam B.jpg;"Create an image of a batik cloth featuring the sekar gayam motif. The design should be symmetrical and centered around a large, orange flower with a black center. Surrounding the flower are smaller white dots and plus signs, connected by geometric shapes such as circles and lines. The background should be dark blue, enhancing the vibrancy of the orange and white elements. Incorporate cultural descriptions of the motif, emphasizing its meaning of achieving goals (gayuh) and serenity (ayem), and how it relates to the Gayam tree, which grows big, produces edible fruits, and provides a refreshing atmosphere. Ensure the image captures the essence of the sekar gayam batik, highlighting its peaceful and purposeful symbolism."""
/home/if24/mount/risetbatik/Batik Project/Dataset/GAN_nitik_couple/Patch/40 Sekar Mundhu A.jpg;"Create an image of a batik fabric featuring the motif 'Sekar Mundu'. The motif should be inspired by the mundhu plant, symbolizing hope, togetherness, and sharing with the community. The design should include interconnected shapes and symbols such as circles, lines, and dots, arranged in a symmetrical pattern. The background should be dark blue, and the patterns should be light beige. Incorporate cultural descriptions of the batik, emphasizing its symbolism and cultural significance."""
/home/if24/mount/risetbatik/Batik Project/Dataset/GAN_nitik_couple/Patch/40 Sekar Mundhu B.jpg;"Create an image of a batik cloth with the motif 'Sekar Mundu'. The motif is inspired by the flower of the mundhu plant (Garcinia dulcis) and symbolizes a hope for blending with the environment, building togetherness, and sharing with the surrounding community. In Javanese culture, 'sekar mundu' is called 'kocok/meped'. The motif features interconnected lines and dots forming a network-like structure, with dark navy blue background and light beige or cream-colored patterns. The design includes various shapes such as circles, arcs, and elongated forms. The overall theme emphasizes unity, tolerance, and community spirit."""
/home/if24/mount/risetbatik/Batik Project/Dataset/GAN_nitik_couple/Patch/41 Sekar Andhong A.jpg;"Create an image of a batik cloth featuring the motif 'Sekar Andong'. The motif should depict the Andong plant's small, white flowers amidst its red and purplish leaves. The background should be dark blue, and the pattern should consist of small, light-colored shapes arranged in a symmetrical design, including dots, lines, and geometric forms such as squares and triangles. Incorporate cultural batik descriptions to highlight the beauty and significance of the motif."""
/home/if24/mount/risetbatik/Batik Project/Dataset/GAN_nitik_couple/Patch/41 Sekar Andhong B.jpg;"Create an image of a batik cloth featuring the motif 'Sekar Andong'. The motif should consist of small, white floral shapes surrounded by delicate, interconnected lines and dots, set against a dark background. The floral shapes should be reminiscent of the Andong plant's small, white flowers, while the connecting lines and dots should evoke the beauty of the plant's red and purplish leaves. Incorporate cultural descriptions of the Andong plant and its decorative use in house yards, emphasizing the harmony between the white flowers and the dark background. Ensure the image captures the essence of the motif's intricate design and cultural significance."""
/home/if24/mount/risetbatik/Batik Project/Dataset/GAN_nitik_couple/Patch/42 Gedhangan A.jpg;"Create an image of a batik cloth featuring the Gendhangan motif. The motif consists of interconnected lines and dots forming a network-like structure. The background should be dark blue, and the lines and dots should be light beige. Incorporate the cultural description of Gendhangan, which is a symbol of the human will to keep something secret, often used to store important or sacred objects such as amulets. Ensure the image captures the intricate details of the pattern and the contrast between the dark blue background and the light beige lines and dots."""
/home/if24/mount/risetbatik/Batik Project/Dataset/GAN_nitik_couple/Patch/42 Gedhangan B.jpg;"Create an image of a batik cloth featuring the Gendhangan motif. The motif consists of interconnected lines and dots forming a network-like structure. The background should be dark blue, and the lines and dots should be light beige. Incorporate the cultural description of Gendhangan, which is a symbol of the human will to keep something secret, often used to store important or sacred objects such as amulets. Ensure the image captures the intricate details of the pattern and the contrast between the dark blue background and the light beige lines and dots."""
/home/if24/mount/risetbatik/Batik Project/Dataset/GAN_nitik_couple/Patch/43 Sekar Pala A.jpg;"Create an image of a batik cloth featuring the motif 'Sekar Pala'. The motif is inspired by the shape of nutmeg flowers, which have fragrant seeds containing compounds that can calm the mind. The design includes various geometric shapes such as squares, circles, and lines, forming a symmetrical and intricate pattern. The background color is dark blue, and the design elements are in light beige. Incorporate the cultural description that this motif represents a hope for a calm and peaceful life while remaining alert to all possibilities, and serves as a reminder not to be careless in life."""
/home/if24/mount/risetbatik/Batik Project/Dataset/GAN_nitik_couple/Patch/43 Sekar Pala B.jpg;"Create an image of a batik fabric featuring the motif 'Sekar Pala'. The motif is inspired by the shape of nutmeg flowers, which have fragrant seeds and compounds that can calm the mind. The central element of the motif resembles a nutmeg fruit, with its characteristic star-shaped petals and small, round seeds. Surrounding this central motif are various geometric shapes such as squares, circles, and lines, creating a visually appealing and harmonious design. The background color is dark blue, and the patterns and shapes are in light beige. Incorporate the cultural description of the batik, which suggests that the motif represents a hope for a calm and peaceful life while remaining alert to all possibilities that may occur, or a warning that humans should not be careless in life."""
/home/if24/mount/risetbatik/Batik Project/Dataset/GAN_nitik_couple/Patch/44 Klampok Arum A.jpg;"Create an image of a traditional batik fabric with a dark blue background. The design should feature interconnected geometric shapes such as squares, rectangles, and circles, all outlined in light beige or cream. Small, round, orange dots with white centers should be interspersed among these shapes. The motif should symbolize the hope for good fortune and happiness, reflecting cultural beliefs about planting Klampok Arum guava, which is believed to bring good luck and respect. The overall effect should be intricate and visually appealing, characteristic of traditional batik art."""
/home/if24/mount/risetbatik/Batik Project/Dataset/GAN_nitik_couple/Patch/44 Klampok Arum B.jpg;"Create an image of a batik cloth featuring the motif 'Klampok Arum'. The motif should depict a large, ornate flower at the center, surrounded by smaller flowers and geometric shapes. The background should be dark blue, with beige and brown accents. Incorporate the cultural description of Klampok Arum, which is a guava variety known for its sweet taste and fragrant aroma. In Javanese society, planting Klampok Arum is believed to bring good fortune and respect. The motif symbolizes the hope that the wearer will always get a good name and happiness."""
/home/if24/mount/risetbatik/Batik Project/Dataset/GAN_nitik_couple/Patch/45 Sekar Jali A.jpg;"Create an image of a batik fabric featuring a central motif inspired by the Coix lacryma-jobi L (jali) flower. The motif should include a stylized flower with five petals, surrounded by smaller geometric shapes and dots. The background should be dark blue, and the colors used should be light beige or tan and gold or orange. Incorporate the cultural significance of the motif, which symbolizes beneficial life, derived from the jali plant's properties when cooked."""
/home/if24/mount/risetbatik/Batik Project/Dataset/GAN_nitik_couple/Patch/45 Sekar Jali B.jpg;"Create an image of a batik cloth named 'Sekar Jali'. The motif is inspired by the shape of the Coix lacryma-jobi L. flower, which is a grass that produces a filling when cooked. The batik features light beige geometric shapes and stylized flowers on a dark blue background. The motifs are arranged in a symmetrical pattern, creating a visually appealing and harmonious composition. Incorporate cultural batik descriptions to highlight the symbolism of beneficial life and the importance of symmetry and balance in the design."""
/home/if24/mount/risetbatik/Batik Project/Dataset/GAN_nitik_couple/Patch/46 Sekar Lintang A.jpg;"Create an image of a batik cloth featuring a tree motif. The tree should have a central trunk and multiple branches extending outward, symbolizing strength and stability. The background should be dark blue, and the tree should be composed of light beige dots arranged in a pattern resembling leaves and branches. The tree represents a great human who is like a star and useful for others. The motif is named 'Sekar Lintang,' and it is inspired by the concept of stars, where the flower of a star is a ray, meaning being a great human who is useful for others."""
/home/if24/mount/risetbatik/Batik Project/Dataset/GAN_nitik_couple/Patch/46 Sekar Lintang B.jpg;"Create an image of a batik cloth featuring a tree motif. The tree should have a central trunk and multiple branches extending outward, with light beige dots arranged in a pattern resembling leaves and branches. The background should be dark blue. The tree symbolizes strength and stability, representing a great human who is useful to others. The motif is named 'Sekar Lintang,' and it is inspired by the concept of stars, where the flower of a star is a ray, meaning a person who is like a star and beneficial to others."""
/home/if24/mount/risetbatik/Batik Project/Dataset/GAN_nitik_couple/Patch/47 Sekar Kenanga A.jpg;"Create an image of a batik cloth named 'Sekar Kenanga'. The motif should feature a central orange flower with a blue center, surrounded by smaller floral elements and geometric shapes. The background should be dark blue, and the design should be symmetrical and intricate. Incorporate the cultural significance of the Kenanga flower, which is used in rituals due to its distinctive fragrance and represents respect for ancestors. The image should highlight the traditional batik patterns and techniques, showcasing the vibrant colors and detailed craftsmanship."""
/home/if24/mount/risetbatik/Batik Project/Dataset/GAN_nitik_couple/Patch/47 Sekar Kenanga B.jpg;"Create an image of a batik cloth featuring the motif 'Sekar Kenanga'. The motif consists of a central geometric cross-like shape with radiating lines, surrounded by circular patterns with dots and stylized floral designs. The background is dark blue or navy, with accents of brown, beige, and orange. Incorporate the cultural significance of the Kenanga (Cananga odorata) flower, which is used in rituals due to its distinctive fragrance and symbolic meaning of respecting ancestors through good deeds."""
/home/if24/mount/risetbatik/Batik Project/Dataset/GAN_nitik_couple/Patch/48 Sekar Jeruk A.jpg;"Create an image of a batik cloth featuring the motif 'Sekar Jeruk' (Citrus) from Javanese culture. The motif consists of alternating rows of small, light-colored dots arranged in a grid-like formation against a dark background. The dots are connected by curved lines forming a series of interconnected shapes, creating a visually appealing and intricate design. The motif symbolizes caution and awareness, encouraging individuals to walk slowly and carefully to avoid harm or danger. Incorporate the cultural description of the motif, emphasizing the importance of walking slowly and being mindful of one's actions to respect others' rights and avoid usurping them. The image should be detailed and comprehensive, capturing the essence of the batik motif and its cultural significance."""
/home/if24/mount/risetbatik/Batik Project/Dataset/GAN_nitik_couple/Patch/48 Sekar Jeruk B.jpg;"Create an image of a batik cloth featuring the motif 'Sekar Jeruk' (Citrus) from Javanese culture. The motif consists of alternating rows of small, light-colored dots arranged in a grid-like formation against a dark background. The dots are connected by curved lines forming a series of interconnected shapes, creating a visually appealing and intricate design. The motif symbolizes caution and awareness, encouraging individuals to walk slowly and carefully to avoid harm or danger. Incorporate the cultural description of the motif, emphasizing the importance of walking slowly and being mindful of one's actions to respect others' rights and avoid usurping them. The image should be detailed and comprehensive, capturing the essence of the batik motif and its cultural significance."""
/home/if24/mount/risetbatik/Batik Project/Dataset/GAN_nitik_couple/Patch/49 Sekar Mindi A.jpg;"Create an image of a batik cloth featuring a floral motif with a central flower surrounded by three leaf-like shapes on either side. The central flower has a petal-like structure with a small circular center. The background is dark blue, and the flowers and leaves are in shades of orange and yellow. Incorporate the cultural description of the motif, which is inspired by the tree Mindi, where the shape of the flower was taken as an idea to make a nitik motif. Mindi (Melia azedarach) is a tree whose trunk is useful for life, so this motif expects the wearer to always do something useful for others."""
/home/if24/mount/risetbatik/Batik Project/Dataset/GAN_nitik_couple/Patch/49 Sekar Mindi B.jpg;"Create an image of a batik cloth featuring the motif 'Sekar Mindi'. The motif should be a yellow flower with a black center, surrounded by a white lattice pattern. The background should be dark blue, and the edges of the motif should be bordered by orange and white geometric shapes. Incorporate the cultural description that the shape of the flower was taken as an idea to make a nitik motif, where Mindi (Melia azedarach) is a tree whose trunk is useful for life, expecting the wearer to always do something useful for others."""
/home/if24/mount/risetbatik/Batik Project/Dataset/GAN_nitik_couple/Patch/5 Sekar Pacar A.jpg;"Create an image of a batik fabric featuring the motif 'Sekar Pacar'. The motif consists of small, yellowish-orange flowers with a central dot, surrounded by elongated, vertical lines. The flowers are arranged in a repetitive pattern, creating a visually appealing and intricate design. The background is dark blue, and there are small, white, circular patterns interspersed throughout the design. The motif has a cultural significance, representing the idea that people must try to be useful for others, similar to how henna flowers are used in various Hindu rituals. The image should capture the essence of the batik's intricate design and cultural importance."""
/home/if24/mount/risetbatik/Batik Project/Dataset/GAN_nitik_couple/Patch/5 Sekar Pacar B.jpg;"Create an image of a batik fabric featuring the motif 'Sekar Pacar'. The motif consists of small, yellowish-orange flowers with a central dot, arranged in a grid-like pattern against a dark blue background. The elongated, vertical lines add a sense of depth and movement. Incorporate cultural elements such as the meaning of 'Sekar Pacar' (people must try to be useful for others), the use of henna flowers in Hindu rituals, and the significance of the flowers being small, yellow, and fragrant. Ensure the image captures the intricate details and vibrant colors of the batik pattern."""
/home/if24/mount/risetbatik/Batik Project/Dataset/GAN_nitik_couple/Patch/50 Tanjung Gunung A.jpg;"Create an image of a batik cloth featuring the Tanjung Gunung motif. The design should include large, stylized flowers with long, pointed petals in shades of white and beige, set against a dark blue background. Small white dots should be scattered throughout the pattern. The central part of the design should feature a geometric shape with a square in the middle, surrounded by floral elements. Incorporate the cultural description of Tanjung Gunung, which symbolizes hope for happiness and honor, and a good name both in the present and future. The motif should be inspired by the tanjung plant, which has fragrant flowers and provides shade."""
/home/if24/mount/risetbatik/Batik Project/Dataset/GAN_nitik_couple/Patch/50 Tanjung Gunung B.jpg;"Create an image of a batik cloth featuring the Tanjung Gunung motif. The design should include large, stylized flowers with long, pointed petals in shades of white and beige, set against a dark blue background. Small white dots should be scattered throughout the pattern. The central part of the design should feature a geometric shape with a square in the middle, surrounded by floral elements. Incorporate the cultural description of Tanjung Gunung, which symbolizes hope for happiness and honor, and a good name both in the present and the future. The motif should be inspired by the tanjung plant, which has fragrant flowers and provides shade."""
/home/if24/mount/risetbatik/Batik Project/Dataset/GAN_nitik_couple/Patch/51 Sekar Kenikir A.jpg;"Create an image of a batik cloth featuring a kenikir flower motif. The motif should be symmetrical and repetitive, with the kenikir flower at the center surrounded by geometric shapes in light beige against a dark blue background. The kenikir flower represents the health benefits of the kenikir plant, and the geometric shapes symbolize useful activities expected to benefit the wearer. Incorporate cultural batik descriptions to enhance the visual appeal and cultural significance."""
/home/if24/mount/risetbatik/Batik Project/Dataset/GAN_nitik_couple/Patch/51 Sekar Kenikir B.jpg;"Create an image of a batik cloth featuring the motif 'Sekar Kenikir'. The motif is inspired by the kenikir flower, which is known for its health benefits, including warding off various diseases. The design includes a symmetrical, geometric pattern with white and gold elements, resembling the shape and structure of a kenikir flower. The background is dark blue, and the motif is centered around the concept of useful activities that are always expected to happen to the wearer, symbolizing the health benefits of kenikir flowers and leaves. Incorporate cultural batik descriptions to enhance the visual appeal and cultural significance of the motif."""
/home/if24/mount/risetbatik/Batik Project/Dataset/GAN_nitik_couple/Patch/52 Sekar Blimbing A.jpg;"Create an image of a batik cloth named 'Sekar Blimbing'. The motif features star-shaped flowers resembling star fruits (Averrhoa carambola), arranged in a geometric pattern against a dark blue background. The flowers are white with orange centers, and the overall design aims to radiate goodness. Incorporate cultural elements such as the traditional use of batik in Southeast Asian cultures, where it symbolizes beauty, elegance, and spiritual harmony."""
/home/if24/mount/risetbatik/Batik Project/Dataset/GAN_nitik_couple/Patch/52 Sekar Blimbing B.jpg;"Create an image of a batik cloth featuring the motif 'Sekar Blimbing'. The motif should be inspired by the shape of star fruits (Averrhoa carambola), with each flower resembling a five-pointed star with small, round fruit-like structures at the ends of each point. The background should be dark blue, and the flowers should be depicted in light beige or cream color. Incorporate cultural batik descriptions, such as the idea of radiating goodness through the symmetrical and repetitive pattern, and the use of gold or orange accents to add elegance and contrast. Ensure the image captures the essence of the batik's cultural significance and artistic beauty."""
/home/if24/mount/risetbatik/Batik Project/Dataset/GAN_nitik_couple/Patch/53 Sekar Pijetan A.jpg;"Create an image of a batik cloth featuring the motif 'Sekar Pijetan'. The motif consists of elongated ovals with dotted lines and small white dots forming intricate patterns around them. The background is dark blue, and the central motif is surrounded by geometric shapes and floral elements. The motif represents a hope that the wearer can maintain a balance of life to achieve a calm and happy life. Incorporate cultural batik descriptions to enhance the visual appeal and cultural significance of the motif."""
/home/if24/mount/risetbatik/Batik Project/Dataset/GAN_nitik_couple/Patch/53 Sekar Pijetan B.jpg;"Create an image of a batik cloth featuring the motif 'Sekar Pijetan'. The motif consists of elongated ovals with dotted lines and small white dots forming intricate patterns around them. The background is dark blue, and the central motif is surrounded by geometric shapes and floral elements. The motif represents a hope that the wearer can maintain a balance of life to achieve a calm and happy life. Incorporate cultural batik descriptions to enhance the visual appeal and cultural significance of the design."""
/home/if24/mount/risetbatik/Batik Project/Dataset/GAN_nitik_couple/Patch/54 Sari Mulat A.jpg;"Create an image of a batik cloth featuring the motif 'Sarimulat'. The motif is characterized by its intricate geometric design, consisting of squares, rectangles, and diamond shapes, arranged in a symmetrical pattern. The background is dark blue, and the pattern elements are outlined in light beige or tan. The design conveys a message of introspection, symbolizing the importance of self-reflection in human behavior. Incorporate cultural batik descriptions, emphasizing the essence of the sari and the introspective nature of the mulat motif."""
/home/if24/mount/risetbatik/Batik Project/Dataset/GAN_nitik_couple/Patch/54 Sari Mulat B.jpg;"Create an image of a batik cloth featuring the motif 'Sarimulat'. The motif is characterized by its intricate geometric pattern with interconnected lines forming various shapes and symmetrical designs. The background is dark blue, and the design elements are outlined in light beige or tan. The central circular element with a plus sign adds a focal point to the overall design. Sarimulat is the essence, while mulat means introspective in Javanese. A piece of cloth with this motif can convey a message that being a human must always have introspective behavior."""
/home/if24/mount/risetbatik/Batik Project/Dataset/GAN_nitik_couple/Patch/55 Sekar Mrica A.jpg;"Create an image of a batik cloth named 'Sekar Mrica'. The motif consists of geometric shapes such as triangles, circles, and zigzag lines, arranged in a symmetrical pattern. The background is dark blue, and the inner sections of the motifs are filled with a lighter shade of blue. The outer outlines are white, creating a striking contrast. The cultural description of the batik suggests that all experiences in life, whether sweet or spicy, must be faced to enrich our experience. The image should capture the essence of the batik's intricate design and its symbolic meaning."""
/home/if24/mount/risetbatik/Batik Project/Dataset/GAN_nitik_couple/Patch/55 Sekar Mrica B.jpg;"Create an image of a batik cloth named 'Sekar Mrica'. The motif features a large star-like shape surrounded by smaller triangles and dots, all outlined in light orange against a dark blue background. The design is symmetrical and repetitive, creating a visually appealing and harmonious pattern. Incorporate the cultural description that all experiences in life, both sweet and spicy, must be faced to enrich our experience. Ensure the image captures the essence of the batik's meaning and cultural significance."""
/home/if24/mount/risetbatik/Batik Project/Dataset/GAN_nitik_couple/Patch/56 Sekar Kepel A.jpg;"Create an image of a batik cloth featuring the motif 'Sekar Kepe'. The motif should consist of a central emblem surrounded by radiating lines and floral patterns, with a dark blue background and gold outlines. Incorporate the cultural description of the motif, which indicates the movement of all fingers coming together, symbolizing unity and togetherness. The motif should be detailed and visually appealing, capturing the essence of the batik art form."""
/home/if24/mount/risetbatik/Batik Project/Dataset/GAN_nitik_couple/Patch/56 Sekar Kepel B.jpg;"Create an image of a batik fabric with the motif 'Sekar Kepe'. The motif consists of a large, symmetrical star or interconnected triangles, surrounded by smaller geometric shapes and floral patterns. The background is dark blue, and the patterns are composed of light beige and gold colors. Incorporate the cultural description of the batik, which indicates the movement of all fingers coming together, symbolizing the spirit of togetherness and unity in carrying out all things. The fruits of a kepel (Stelechocarpus burahol) plant are always attached to the stem, and the word 'kepel' also signifies the movement of all fingers coming together, emphasizing the importance of unity and collaboration."""
/home/if24/mount/risetbatik/Batik Project/Dataset/GAN_nitik_couple/Patch/57 Truntum Kurung A.jpg;"Create an image of a traditional Javanese batik cloth named 'Truntum Kurung.' The design features elongated, teardrop-shaped elements arranged in a circular pattern, symbolizing star lights. The background is dark blue, and the shapes are outlined in white with a lighter shade filling them. Small, circular dots with concentric circles around them add to the complexity of the design. Incorporate the cultural description that the word 'tumaruntum' means to pass down to the next generation, and the shape of the truntum depicts star lights, signifying noble life being passed on through a bright light."""
/home/if24/mount/risetbatik/Batik Project/Dataset/GAN_nitik_couple/Patch/57 Truntum Kurung B.jpg;"Create an image of a batik cloth named 'Truntum Kurung'. The motif should feature a central star-like pattern with radiating lines, surrounded by geometric shapes and dots. The background should be dark blue, and the patterns should be outlined in orange, with white and beige accents. Incorporate the cultural description of the batik, where 'tumaruntum' means to pass down to the next generation, and the shape of the truntum depicts star lights, symbolizing noble life being passed on to the next generation."""
/home/if24/mount/risetbatik/Batik Project/Dataset/GAN_nitik_couple/Patch/58 Jayakusuma A.jpg;"Create an image of a batik cloth featuring the motif 'Jayakusuma'. The motif should depict a stylized, golden-colored leaf or flower with multiple petals or branches extending outward, set against a dark blue background with white dots resembling snowflakes or stars. The motif represents Jaya Kusuma, one of Arjuna's sons in the Mahabharata epic, who is known for his obedience and respect. The design should be intricate and elegant, emphasizing symmetry and balance. Incorporate cultural batik descriptions to highlight the symbolism of obedience and respect."""
/home/if24/mount/risetbatik/Batik Project/Dataset/GAN_nitik_couple/Patch/58 Jayakusuma B.jpg;"Create an image of a batik cloth featuring the motif 'Jayakusuma' from the Mahabharata epic. The motif represents Jaya Kusuma, one of Arjuna's sons who is obedient and respected. The design consists of dark blue leaves with a central stem and radiating lines forming a star-like pattern, surrounded by orange flowers. Small white dots are scattered throughout the design, adding texture and contrast. Incorporate cultural batik descriptions to highlight the symbolism of obedience and respect in carrying out the attitude of elders."""
/home/if24/mount/risetbatik/Batik Project/Dataset/GAN_nitik_couple/Patch/59 Rengganis A.jpg;The image is a detailed depiction of the Rengganis batik motif, which is a beautiful female character from the Menak epic. The motif features a combination of geometric shapes and floral designs, arranged in a symmetrical and repetitive manner. The dark blue background contrasts beautifully with the light beige or cream-colored design elements, creating a visually striking and intricate pattern. This batik design symbolizes a good step in defending the truth, representing the character Rengganis. The intricate details and symmetrical arrangement of the shapes and floral patterns add to the overall elegance and beauty of the motif, making it a captivating piece of traditional Indonesian batik art.
/home/if24/mount/risetbatik/Batik Project/Dataset/GAN_nitik_couple/Patch/59 Rengganis B.jpg;"Create an image of a batik cloth featuring the motif 'Rengganis' from the Menak epic. The motif is a beautiful female character, symbolizing a good step in defending the truth. The background is dark blue, and the design includes light beige geometric shapes and floral patterns. There are also some curved lines that add to the complexity of the pattern. Incorporate cultural batik descriptions to provide context and depth to the image."""
/home/if24/mount/risetbatik/Batik Project/Dataset/GAN_nitik_couple/Patch/6 Arumdalu A.jpg;"Create an image of a batik cloth featuring the motif 'Arumdalu'. The motif consists of a dark blue background with a central diamond surrounded by smaller rectangles and dots, arranged in a symmetrical and nested pattern. The design is geometric and repetitive, with a focus on balance and repetition. Incorporate the cultural description of Sekar Arum Dalu, which states that the flower blooms at night and spreads its fragrance, symbolizing the importance of doing good deeds for the community, regardless of differences. The image should convey a sense of wisdom and harmony, reflecting the cultural significance of the motif."""
/home/if24/mount/risetbatik/Batik Project/Dataset/GAN_nitik_couple/Patch/6 Arumdalu B.jpg;"Create an image of a batik cloth named 'Arumdalu'. The motif consists of a dark blue background with intricate geometric patterns, including diamonds, squares, elongated rectangles, small circles, and triangles, all outlined in light beige or cream colors. The central motif features a diamond shape surrounded by smaller geometric elements, creating a visually appealing and symmetrical design. Incorporate the cultural description of Sekar Arum Dalu (Cestrum nocturnum), which states that the flower blooms at night and spreads its fragrance, symbolizing the importance of doing good deeds for the community, regardless of differences. The batik should reflect these themes through its design and color scheme."""
/home/if24/mount/risetbatik/Batik Project/Dataset/GAN_nitik_couple/Patch/60 Sekar Gambir A.jpg;"Create an image of a batik cloth featuring the motif 'Sekar Gambir' (jasmine gambir). The motif should depict the shape of blooming jasmine gambir flowers when viewed from above, with the flowers appearing white at the top and reddish-purple in buds. The background should be dark blue, and the flowers should be light beige or cream in color. The motif symbolizes the purity of heart and the hope that the wearer always behaves nobly. Incorporate cultural batik descriptions, such as the fragrant nature of jasmine gambir flowers and their use in scenting tea. Ensure the image captures the intricate details and the harmony between the dark blue background and the light beige flowers."""
/home/if24/mount/risetbatik/Batik Project/Dataset/GAN_nitik_couple/Patch/60 Sekar Gambir B.jpg;"Create an image of a batik cloth featuring a traditional motif called 'Sekar Gambir'. The motif should depict a stylized representation of jasmine flowers, with the flowers appearing as small, circular patterns arranged in a grid-like formation. The background should be dark blue, and the flowers should be light beige or cream in color. Small white dots should be scattered throughout the pattern. The motif symbolizes the purity of heart and the hope that the wearer always behaves nobly. Incorporate cultural batik descriptions to provide context and meaning to the design."""
/home/if24/mount/risetbatik/Batik Project/Dataset/GAN_nitik_couple/Patch/7 Sekar Srigadhing A.jpg;"Create an image of a batik cloth featuring the motif 'Sekar Sri Gading'. The motif should include a central yellow flower with a red center, surrounded by a white dotted border. The surrounding pattern should consist of small orange flowers and white dots arranged in a circular pattern. The background should be dark blue. Incorporate the cultural description of the motif, which represents harmony and peace, into the prompt. Ensure the image is detailed and symmetrical, capturing the essence of traditional batik art."""
/home/if24/mount/risetbatik/Batik Project/Dataset/GAN_nitik_couple/Patch/7 Sekar Srigadhing B.jpg;"Create an image of a batik fabric featuring the motif 'Sekar Sri Gading'. The motif consists of orange circular shapes with small black dots in the center, surrounded by white floral designs. The background is dark blue. Incorporate the cultural description of the motif, which states that Sri Gading is a shrub that produces white flowers with red stems, producing a fragrant smell. In the puppet story, Sri Batara Khresna planted Sri Gading on the borders of the yards of his two wives, Dewi Rukmini and Dewi Sathyabama, leading to increased harmony in their lives. Thus, the motif symbolizes harmony and peace. Ensure the image captures the intricate details and symmetrical repetition of the pattern."""
/home/if24/mount/risetbatik/Batik Project/Dataset/GAN_nitik_couple/Patch/8 Kemukus A.jpg;"Create an image of a batik cloth featuring the Kemukus motif, a traditional Javanese design. The motif should depict a circular tailed star with a central star surrounded by smaller shapes and dots. The background should be dark blue, and the central design should be in a lighter shade, possibly gold or beige. The motif should be framed by a border made up of small, evenly spaced circles and lines. Incorporate the cultural description that the tailed star is believed to be a sign of impending danger, and that the motif is interpreted as a warning to stay alert at all times. Ensure the image captures the intricate details and vibrant colors of the batik fabric."""
/home/if24/mount/risetbatik/Batik Project/Dataset/GAN_nitik_couple/Patch/8 Kemukus B.jpg;"Create an image of a batik cloth featuring a central motif of a stylized tailed star, inspired by the Javanese concept of the tailed star. The motif should be composed of interconnected lines and dots, forming a symmetrical design. Surrounding the star are various abstract shapes and patterns, including circles, stars, and other geometric forms, all rendered in a warm color palette of light beige and white. The background should be a dark blue, creating a striking contrast with the lighter elements. Incorporate cultural batik descriptions, such as the belief that the appearance of a tailed star is a sign of impending danger and the interpretation of the motif as a warning to stay alert. Ensure the image captures the intricate details and symmetrical nature of the motif, as well as the vibrant color scheme and contrasting background."""
/home/if24/mount/risetbatik/Batik Project/Dataset/GAN_nitik_couple/Patch/9 Sekar Gudhe A.jpg;"Create an image of a batik cloth featuring the sekar gudhe motif. The motif should include a central diamond shape surrounded by geometric patterns, with the background being dark blue and the design elements being light beige or cream. Incorporate cultural descriptions of the gudhe flowers, their use in Javanese cuisine, and the symbolism of the motif. Ensure the image captures the intricate details and balance of the geometric patterns."""
/home/if24/mount/risetbatik/Batik Project/Dataset/GAN_nitik_couple/Patch/9 Sekar Gudhe B.jpg;"Create an image of a batik cloth featuring the 'Sekar Gudhe' motif. The motif consists of dark blue background with intricate white patterns including geometric shapes and floral elements. The geometric shapes include rectangles, squares, and triangles, while the floral elements consist of small circles and dots forming flower-like patterns. The 'Sekar Gudhe' motif symbolizes that human life should be beneficial for others, as shown by the gudhe beans and the coconut for humans. Incorporate cultural descriptions of gudhe flowers, their use in Javanese cuisine, and the significance of the motifs in Javanese traditions."""